VehicleType,Capacity,Range
Gas Car,131.9211396722696,145.85207096486445
Gas Car,135.54452491441663,195.69089569224076
EV,91.50425520531195,953.1726086101639
EV,126.32088605774192,1153.4869458305818
Gas Car,133.92,155.85
EV,124.14,954.84
